rank,rank_stylectrl,model,openrouter_id,arena_score,95_pct_ci,votes,organization,license,knowledge_cutoff,url,displayed_name,pricing_source,id,description,pricing.prompt,pricing.completion,pricing.image,pricing
1,1,Gemini-2.5-Pro,google/gemini-2.5-pro,1466,+4/-4,35586,Google,Proprietary,not specified,http://aistudio.google.com/app/prompts/new_chat?model=gemini-2.5-pro,google/gemini-2.5-pro,openrouter,google/gemini-2.5-pro,"Gemini 2.5 Pro is Google’s state-of-the-art AI model designed for advanced reasoning, coding, mathematics, and scientific tasks. It employs “thinking” capabilities, enabling it to reason through responses with enhanced accuracy and nuanced context handling. Gemini 2.5 Pro achieves top-tier performance on multiple benchmarks, including first-place positioning on the LMArena leaderboard, reflecting superior human-preference alignment and complex problem-solving abilities.",1.25e-06,1e-05,0.00516,0.00517125
2,2,Grok-4-0709,x-ai/grok-4,1430,+5/-5,18320,xAI,Proprietary,not specified,https://docs.x.ai/docs/models/grok-4-0709,x-ai/grok-4,openrouter,x-ai/grok-4,"Grok 4 is xAI's latest reasoning model with a 256k context window. It supports parallel tool calling, structured outputs, and both image and text inputs. Note that reasoning is not exposed, reasoning cannot be disabled, and the reasoning effort cannot be specified. Pricing increases once the total tokens in a given request is greater than 128k tokens. See more details on the [xAI docs](https://docs.x.ai/docs/models/grok-4-0709)",3e-06,1.5e-05,0.0,1.8e-05
3,2,ChatGPT-4o-latest (2025-03-26),openai/chatgpt-4o-latest,1429,+4/-4,36845,OpenAI,Proprietary,not specified,https://x.com/OpenAI/status/1905331956856050135,openai/chatgpt-4o-latest,openrouter,openai/chatgpt-4o-latest,"OpenAI ChatGPT 4o is continually updated by OpenAI to point to the current version of GPT-4o used by ChatGPT. It therefore differs slightly from the API version of [GPT-4o](/models/openai/gpt-4o) in that it has additional RLHF. It is intended for research and evaluation.

OpenAI notes that this model is not suited for production use-cases as it may be removed or redirected to another model in the future.",5e-06,1.5e-05,0.007225,0.007245
4,2,GLM-4.5,,1429,+6/-6,11222,Z.ai,MIT,not specified,https://z.ai/blog/glm-4.5,GLM-4.5,free,,,,,,
5,2,DeepSeek-R1-0528,,1424,+5/-5,21281,DeepSeek,MIT,not specified,https://api-docs.deepseek.com/news/news250528,DeepSeek-R1-0528,free,,,,,,
6,2,Grok-3-Preview-02-24,x-ai/grok-3,1423,+4/-4,36935,xAI,Proprietary,not specified,https://x.ai/blog/grok-3,x-ai/grok-3,openrouter,x-ai/grok-3,"Grok 3 is the latest model from xAI. It's their flagship model that excels at enterprise use cases like data extraction, coding, and text summarization. Possesses deep domain knowledge in finance, healthcare, law, and science.

",3e-06,1.5e-05,0.0,1.8e-05
7,5,o3-2025-04-16,openai/o3,1420,+4/-4,41055,OpenAI,Proprietary,not specified,https://openai.com/index/introducing-o3-and-o4-mini/,openai/o3,openrouter,openai/o3,"o3 is a well-rounded and powerful model across domains. It sets a new standard for math, science, coding, and visual reasoning tasks. It also excels at technical writing and instruction-following. Use it to think through multi-step problems that involve analysis across text, code, and images. ",2e-06,8e-06,0.00153,0.00154
8,6,Qwen3-235B-A22B-Thinking-2507,,1415,+6/-6,8888,Alibaba,Apache 2.0,not specified,https://huggingface.co/Qwen/Qwen3-235B-A22B-Thinking-2507,Qwen3-235B-A22B-Thinking-2507,free,,,,,,
9,7,Qwen3-235B-A22B-Instruct-2507,,1414,+5/-5,13168,Alibaba,Apache 2.0,not specified,https://huggingface.co/Qwen/Qwen3-235B-A22B-Instruct-2507,Qwen3-235B-A22B-Instruct-2507,free,,,,,,
10,11,Gemini-2.5-Flash,google/gemini-2.5-flash,1408,+4/-4,39067,Google,Proprietary,not specified,http://aistudio.google.com/app/prompts/new_chat?model=gemini-2.5-flash,google/gemini-2.5-flash,openrouter,google/gemini-2.5-flash,"Gemini 2.5 Flash is Google's state-of-the-art workhorse model, specifically designed for advanced reasoning, coding, mathematics, and scientific tasks. It includes built-in ""thinking"" capabilities, enabling it to provide responses with greater accuracy and nuanced context handling. 

Additionally, Gemini 2.5 Flash is configurable through the ""max tokens for reasoning"" parameter, as described in the documentation (https://openrouter.ai/docs/use-cases/reasoning-tokens#max-tokens-for-reasoning).",3e-07,2.5e-06,0.001238,0.0012408
11,20,Qwen3-235B-A22B-no-thinking,,1391,+4/-4,29735,Alibaba,Apache 2.0,not specified,https://qwenlm.github.io/blog/qwen3/,Qwen3-235B-A22B-no-thinking,free,,,,,,
12,20,GLM-4.5-Air,,1389,+6/-6,10200,Z.ai,MIT,not specified,https://z.ai/blog/glm-4.5,GLM-4.5-Air,free,,,,,,
13,22,Qwen3-30B-A3B-Instruct-2507,,1381,+6/-6,9190,Alibaba,Apache 2.0,not specified,https://huggingface.co/Qwen/Qwen3-30B-A3B-Instruct-2507,Qwen3-30B-A3B-Instruct-2507,free,,,,,,
14,23,GPT-4.1-2025-04-14,openai/gpt-4.1,1380,+4/-4,30640,OpenAI,Proprietary,not specified,https://openai.com/index/gpt-4-1/,openai/gpt-4.1,openrouter,openai/gpt-4.1,"GPT-4.1 is a flagship large language model optimized for advanced instruction following, real-world software engineering, and long-context reasoning. It supports a 1 million token context window and outperforms GPT-4o and GPT-4.5 across coding (54.6% SWE-bench Verified), instruction compliance (87.4% IFEval), and multimodal understanding benchmarks. It is tuned for precise code diffs, agent reliability, and high recall in large document contexts, making it ideal for agents, IDE tooling, and enterprise knowledge retrieval.",2e-06,8e-06,0.0,9.999999999999999e-06
15,24,kimi-k2-0711-preview,,1379,+5/-5,18734,Moonshot,Modified MIT,not specified,https://moonshotai.github.io/Kimi-K2/,kimi-k2-0711-preview,free,,,,,,
16,25,DeepSeek-V3-0324,,1376,+4/-4,33113,DeepSeek,MIT,not specified,https://api-docs.deepseek.com/news/news250325,DeepSeek-V3-0324,free,,,,,,
17,25,Hunyuan-Turbos-20250416,tencent/hunyuan-a13b-instruct,1376,+6/-6,11942,Tencent,Proprietary,not specified,https://cloud.tencent.com/document/product/1729/104753,tencent/hunyuan-a13b-instruct,openrouter,tencent/hunyuan-a13b-instruct,"Hunyuan-A13B is a 13B active parameter Mixture-of-Experts (MoE) language model developed by Tencent, with a total parameter count of 80B and support for reasoning via Chain-of-Thought. It offers competitive benchmark performance across mathematics, science, coding, and multi-turn reasoning tasks, while maintaining high inference efficiency via Grouped Query Attention (GQA) and quantization support (FP8, GPTQ, etc.).",3e-08,3e-08,0.0,6e-08
18,25,DeepSeek-R1,,1373,+4/-4,19430,DeepSeek,MIT,not specified,https://api-docs.deepseek.com/news/news250120,DeepSeek-R1,free,,,,,,
19,25,Claude Opus 4 (thinking-16k),anthropic/claude-opus-4,1371,+5/-5,23873,Anthropic,Proprietary,not specified,https://www.anthropic.com/news/claude-4,anthropic/claude-opus-4,openrouter,anthropic/claude-opus-4,"Claude Opus 4 is benchmarked as the world’s best coding model, at time of release, bringing sustained performance on complex, long-running tasks and agent workflows. It sets new benchmarks in software engineering, achieving leading results on SWE-bench (72.5%) and Terminal-bench (43.2%). Opus 4 supports extended, agentic workflows, handling thousands of task steps continuously for hours without degradation. 

Read more at the [blog post here](https://www.anthropic.com/news/claude-4)",1.5e-05,7.5e-05,0.024,0.02409
20,26,Mistral Medium 3,mistralai/mistral-medium-3,1371,+4/-4,33556,Mistral,Proprietary,not specified,https://mistral.ai/news/mistral-medium-3,mistralai/mistral-medium-3,openrouter,mistralai/mistral-medium-3,"Mistral Medium 3 is a high-performance enterprise-grade language model designed to deliver frontier-level capabilities at significantly reduced operational cost. It balances state-of-the-art reasoning and multimodal performance with 8× lower cost compared to traditional large models, making it suitable for scalable deployments across professional and industrial use cases.

The model excels in domains such as coding, STEM reasoning, and enterprise adaptation. It supports hybrid, on-prem, and in-VPC deployments and is optimized for integration into custom workflows. Mistral Medium 3 offers competitive accuracy relative to larger models like Claude Sonnet 3.5/3.7, Llama 4 Maverick, and Command R+, while maintaining broad compatibility across cloud environments.",4e-07,2e-06,0.0,2.4e-06
21,28,Qwen3-235B-A22B,,1368,+4/-4,25764,Alibaba,Apache 2.0,not specified,https://qwenlm.github.io/blog/qwen3/,Qwen3-235B-A22B,free,,,,,,
22,29,Qwen2.5-Max,qwen/qwen-max,1366,+3/-3,35377,Alibaba,Proprietary,not specified,https://qwenlm.github.io/blog/qwen2.5-max/,qwen/qwen-max,openrouter,qwen/qwen-max,"Qwen-Max, based on Qwen2.5, provides the best inference performance among [Qwen models](/qwen), especially for complex multi-step tasks. It's a large-scale MoE model that has been pretrained on over 20 trillion tokens and further post-trained with curated Supervised Fine-Tuning (SFT) and Reinforcement Learning from Human Feedback (RLHF) methodologies. The parameter count is unknown.",1.6e-06,6.4e-06,0.0,8e-06
23,29,Grok-3-mini-high,x-ai/grok-3-mini,1366,+5/-5,15656,xAI,Proprietary,not specified,https://docs.x.ai/docs/models,x-ai/grok-3-mini,openrouter,x-ai/grok-3-mini,"A lightweight model that thinks before responding. Fast, smart, and great for logic-based tasks that do not require deep domain knowledge. The raw thinking traces are accessible.",3e-07,5e-07,0.0,8e-07
24,30,o1-2024-12-17,openai/o1,1365,+4/-4,29038,OpenAI,Proprietary,not specified,https://openai.com/index/o1-and-new-tools-for-developers/,openai/o1,openrouter,openai/o1,"The latest and strongest model family from OpenAI, o1 is designed to spend more time thinking before responding. The o1 model series is trained with large-scale reinforcement learning to reason using chain of thought. 

The o1 models are optimized for math, science, programming, and other STEM-related tasks. They consistently exhibit PhD-level accuracy on benchmarks in physics, chemistry, and biology. Learn more in the [launch announcement](https://openai.com/o1).
",1.5e-05,6e-05,0.021675,0.02175
25,30,Grok-3-Mini-beta,x-ai/grok-3-mini-beta,1364,+5/-5,22193,xAI,Proprietary,not specified,https://docs.x.ai/docs/models,x-ai/grok-3-mini-beta,openrouter,x-ai/grok-3-mini-beta,"Grok 3 Mini is a lightweight, smaller thinking model. Unlike traditional models that generate answers immediately, Grok 3 Mini thinks before responding. It’s ideal for reasoning-heavy tasks that don’t demand extensive domain knowledge, and shines in math-specific and quantitative use cases, such as solving challenging puzzles or math problems.

Transparent ""thinking"" traces accessible. Defaults to low reasoning, can boost with setting `reasoning: { effort: ""high"" }`

Note: That there are two xAI endpoints for this model. By default when using this model we will always route you to the base endpoint. If you want the fast endpoint you can add `provider: { sort: throughput}`, to sort by throughput instead. 
",3e-07,5e-07,0.0,8e-07
26,35,o4-mini-2025-04-16,openai/o4-mini,1359,+4/-4,30207,OpenAI,Proprietary,not specified,https://openai.com/index/introducing-o3-and-o4-mini/,openai/o4-mini,openrouter,openai/o4-mini,"OpenAI o4-mini is a compact reasoning model in the o-series, optimized for fast, cost-efficient performance while retaining strong multimodal and agentic capabilities. It supports tool use and demonstrates competitive reasoning and coding performance across benchmarks like AIME (99.5% with Python) and SWE-bench, outperforming its predecessor o3-mini and even approaching o3 in some domains.

Despite its smaller size, o4-mini exhibits high accuracy in STEM tasks, visual problem solving (e.g., MathVista, MMMU), and code editing. It is especially well-suited for high-throughput scenarios where latency or cost is critical. Thanks to its efficient architecture and refined reinforcement learning training, o4-mini can chain tools, generate structured outputs, and solve multi-step tasks with minimal delay—often in under a minute.",1.1e-06,4.4e-06,0.0008415,0.000847
27,37,Gemma-3-27B-it,,1358,+4/-4,37211,Google,Gemma,not specified,http://aistudio.google.com/app/prompts/new_chat?model=gemma-3-27b-it,Gemma-3-27B-it,free,,,,,,
28,37,Gemini-2.0-Flash-001,google/gemini-2.0-flash-001,1358,+3/-3,43471,Google,Proprietary,not specified,https://aistudio.google.com/app/prompts/new_chat?instructions=lmsys-1121&model=gemini-2.0-flash-001,google/gemini-2.0-flash-001,openrouter,google/gemini-2.0-flash-001,"Gemini Flash 2.0 offers a significantly faster time to first token (TTFT) compared to [Gemini Flash 1.5](/google/gemini-flash-1.5), while maintaining quality on par with larger models like [Gemini Pro 1.5](/google/gemini-pro-1.5). It introduces notable enhancements in multimodal understanding, coding capabilities, complex instruction following, and function calling. These advancements come together to deliver more seamless and robust agentic experiences.",1e-07,4e-07,2.58e-05,2.63e-05
29,39,Qwen3-Coder-480B-A35B-Instruct,,1354,+5/-5,11811,Alibaba,Apache 2.0,not specified,https://qwenlm.github.io/blog/qwen3-coder/,Qwen3-Coder-480B-A35B-Instruct,free,,,,,,
30,42,Minimax-M1,,1349,+5/-5,22994,MiniMax,Apache 2.0,not specified,https://www.minimax.io/news/minimaxm1,Minimax-M1,free,,,,,,
31,45,Claude Sonnet 4 (thinking-32k),anthropic/claude-sonnet-4,1347,+5/-5,23013,Anthropic,Proprietary,not specified,https://www.anthropic.com/news/claude-4,anthropic/claude-sonnet-4,openrouter,anthropic/claude-sonnet-4,"Claude Sonnet 4 significantly enhances the capabilities of its predecessor, Sonnet 3.7, excelling in both coding and reasoning tasks with improved precision and controllability. Achieving state-of-the-art performance on SWE-bench (72.7%), Sonnet 4 balances capability and computational efficiency, making it suitable for a broad range of applications from routine coding tasks to complex software development projects. Key enhancements include improved autonomous codebase navigation, reduced error rates in agent-driven workflows, and increased reliability in following intricate instructions. Sonnet 4 is optimized for practical everyday use, providing advanced reasoning capabilities while maintaining efficiency and responsiveness in diverse internal and external scenarios.

Read more at the [blog post here](https://www.anthropic.com/news/claude-4)",3e-06,1.5e-05,0.0048,0.004817999999999999
32,45,Qwen3-32B,,1342,+9/-9,4074,Alibaba,Apache 2.0,not specified,https://qwenlm.github.io/blog/qwen3/,Qwen3-32B,free,,,,,,
33,48,GPT-4.1-mini-2025-04-14,openai/gpt-4.1-mini,1341,+4/-4,29904,OpenAI,Proprietary,not specified,https://openai.com/index/gpt-4-1/,openai/gpt-4.1-mini,openrouter,openai/gpt-4.1-mini,"GPT-4.1 Mini is a mid-sized model delivering performance competitive with GPT-4o at substantially lower latency and cost. It retains a 1 million token context window and scores 45.1% on hard instruction evals, 35.8% on MultiChallenge, and 84.1% on IFEval. Mini also shows strong coding ability (e.g., 31.6% on Aider’s polyglot diff benchmark) and vision understanding, making it suitable for interactive applications with tight performance constraints.",4e-07,1.6e-06,0.0,2e-06
34,48,Mistral-Small-2506,,1341,+5/-5,14920,Mistral,Apache 2.0,not specified,https://huggingface.co/mistralai/Mistral-Small-3.2-24B-Instruct-2506,Mistral-Small-2506,free,,,,,,
35,48,Nvidia-Llama-3.3-Nemotron-Super-49B-v1.5,,1338,+9/-9,3898,Nvidia,Nvidia Open,not specified,https://huggingface.co/nvidia/Llama-3_3-Nemotron-Super-49B-v1_5,Nvidia-Llama-3.3-Nemotron-Super-49B-v1.5,free,,,,,,
36,49,o3-mini-high,openai/o3-mini-high,1338,+5/-5,19404,OpenAI,Proprietary,not specified,https://platform.openai.com/docs/guides/reasoning#reasoning-effort,openai/o3-mini-high,openrouter,openai/o3-mini-high,"OpenAI o3-mini-high is the same model as [o3-mini](/openai/o3-mini) with reasoning_effort set to high. 

o3-mini is a cost-efficient language model optimized for STEM reasoning tasks, particularly excelling in science, mathematics, and coding. The model features three adjustable reasoning effort levels and supports key developer capabilities including function calling, structured outputs, and streaming, though it does not include vision processing capabilities.

The model demonstrates significant improvements over its predecessor, with expert testers preferring its responses 56% of the time and noting a 39% reduction in major errors on complex questions. With medium reasoning effort settings, o3-mini matches the performance of the larger o1 model on challenging reasoning evaluations like AIME and GPQA, while maintaining lower latency and cost.",1.1e-06,4.4e-06,0.0,5.5e-06
37,49,Gemma-3-12B-it,,1335,+9/-9,3976,Google,Gemma,not specified,http://aistudio.google.com/app/prompts/new_chat?model=gemma-3-12b-it,Gemma-3-12B-it,free,,,,,,
38,50,DeepSeek-V3,,1334,+4/-4,22841,DeepSeek,DeepSeek,not specified,https://huggingface.co/deepseek-ai/DeepSeek-V3,DeepSeek-V3,free,,,,,,
39,50,QwQ-32B,,1333,+4/-4,24359,Alibaba,Apache 2.0,not specified,https://huggingface.co/Qwen/QwQ-32B,QwQ-32B,free,,,,,,
40,50,z-ai/glm-4.5-air,z-ai/glm-4.5-air,1332,+8/-8,6028,Zhipu,Proprietary,not specified,https://bigmodel.cn/dev/howuse/glm-4,z-ai/glm-4.5-air,openrouter,z-ai/glm-4.5-air,"GLM-4.5-Air is the lightweight variant of our latest flagship model family, also purpose-built for agent-centric applications. Like GLM-4.5, it adopts the Mixture-of-Experts (MoE) architecture but with a more compact parameter size. GLM-4.5-Air also supports hybrid inference modes, offering a ""thinking mode"" for advanced reasoning and tool use, and a ""non-thinking mode"" for real-time interaction. Users can control the reasoning behaviour with the `reasoning` `enabled` boolean. [Learn more in our docs](https://openrouter.ai/docs/use-cases/reasoning-tokens#enable-reasoning-with-default-config)",1.3e-07,8.5e-07,0.0,9.8e-07
41,52,Gemini-2.0-Flash-Lite,google/gemini-2.0-flash-lite-001,1330,+4/-4,26104,Google,Proprietary,not specified,https://aistudio.google.com/prompts/new_chat?model=gemini-2.0-flash-lite,google/gemini-2.0-flash-lite-001,openrouter,google/gemini-2.0-flash-lite-001,"Gemini 2.0 Flash Lite offers a significantly faster time to first token (TTFT) compared to [Gemini Flash 1.5](/google/gemini-flash-1.5), while maintaining quality on par with larger models like [Gemini Pro 1.5](/google/gemini-pro-1.5), all at extremely economical token prices.",7.5e-08,3e-07,0.0,3.75e-07
42,51,Qwen-Plus-0125,qwen/qwen-plus,1327,+8/-8,6055,Alibaba,Proprietary,not specified,https://www.alibabacloud.com/help/en/model-studio/developer-reference/what-is-qwen-llm,qwen/qwen-plus,openrouter,qwen/qwen-plus,"Qwen-Plus, based on the Qwen2.5 foundation model, is a 131K context model with a balanced performance, speed, and cost combination.",4e-07,1.2e-06,0.0,1.6e-06
43,55,Command A (03-2025),,1327,+4/-4,36563,Cohere,CC-BY-NC-4.0,not specified,https://cohere.com/blog/command-a,Command A (03-2025),free,,,,,,
44,57,stepfun-ai/step3,stepfun-ai/step3,1321,+8/-8,5126,StepFun,Proprietary,not specified,https://platform.stepfun.com/docs/llm/text,stepfun-ai/step3,openrouter,stepfun-ai/step3,"Step3 is a cutting-edge multimodal reasoning model—built on a Mixture-of-Experts architecture with 321B total parameters and 38B active. It is designed end-to-end to minimize decoding costs while delivering top-tier performance in vision–language reasoning. Through the co-design of Multi-Matrix Factorization Attention (MFA) and Attention-FFN Disaggregation (AFD), Step3 maintains exceptional efficiency across both flagship and low-end accelerators.",5.7e-07,1.42e-06,0.0,1.99e-06
45,61,o3-mini,openai/o3-mini,1321,+3/-3,49094,OpenAI,Proprietary,not specified,https://openai.com/index/openai-o3-mini/,openai/o3-mini,openrouter,openai/o3-mini,"OpenAI o3-mini is a cost-efficient language model optimized for STEM reasoning tasks, particularly excelling in science, mathematics, and coding.

This model supports the `reasoning_effort` parameter, which can be set to ""high"", ""medium"", or ""low"" to control the thinking time of the model. The default is ""medium"". OpenRouter also offers the model slug `openai/o3-mini-high` to default the parameter to ""high"".

The model features three adjustable reasoning effort levels and supports key developer capabilities including function calling, structured outputs, and streaming, though it does not include vision processing capabilities.

The model demonstrates significant improvements over its predecessor, with expert testers preferring its responses 56% of the time and noting a 39% reduction in major errors on complex questions. With medium reasoning effort settings, o3-mini matches the performance of the larger o1 model on challenging reasoning evaluations like AIME and GPQA, while maintaining lower latency and cost.",1.1e-06,4.4e-06,0.0,5.5e-06
46,61,Qwen3-30B-A3B,,1321,+4/-4,25948,Alibaba,Apache 2.0,not specified,https://qwenlm.github.io/blog/qwen3/,Qwen3-30B-A3B,free,,,,,,
47,55,Llama-3.1-Nemotron-Ultra-253B-v1,,1320,+11/-11,2656,Nvidia,Nvidia Open Model,not specified,https://huggingface.co/nvidia/Llama-3_1-Nemotron-Ultra-253B-v1,Llama-3.1-Nemotron-Ultra-253B-v1,free,,,,,,
48,64,o1-mini,openai/o1-mini,1319,+3/-3,54951,OpenAI,Proprietary,2023/10,https://platform.openai.com/docs/models/o1,openai/o1-mini,openrouter,openai/o1-mini,"The latest and strongest model family from OpenAI, o1 is designed to spend more time thinking before responding.

The o1 models are optimized for math, science, programming, and other STEM-related tasks. They consistently exhibit PhD-level accuracy on benchmarks in physics, chemistry, and biology. Learn more in the [launch announcement](https://openai.com/o1).

Note: This model is currently experimental and not suitable for production use-cases, and may be heavily rate-limited.",1.1e-06,4.4e-06,0.0,5.5e-06
49,65,Claude 3.7 Sonnet (thinking-32k),anthropic/claude-3.7-sonnet:thinking,1316,+4/-4,38392,Anthropic,Proprietary,not specified,https://www.anthropic.com/news/claude-3-7-sonnet,anthropic/claude-3.7-sonnet:thinking,openrouter,anthropic/claude-3.7-sonnet:thinking,"Claude 3.7 Sonnet is an advanced large language model with improved reasoning, coding, and problem-solving capabilities. It introduces a hybrid reasoning approach, allowing users to choose between rapid responses and extended, step-by-step processing for complex tasks. The model demonstrates notable improvements in coding, particularly in front-end development and full-stack updates, and excels in agentic workflows, where it can autonomously navigate multi-step processes. 

Claude 3.7 Sonnet maintains performance parity with its predecessor in standard mode while offering an extended reasoning mode for enhanced accuracy in math, coding, and instruction-following tasks.

Read more at the [blog post here](https://www.anthropic.com/news/claude-3-7-sonnet)",3e-06,1.5e-05,0.0048,0.004817999999999999
50,64,Llama-3.3-Nemotron-Super-49B-v1,,1310,+11/-11,2371,Nvidia,Nvidia,not specified,https://huggingface.co/nvidia/Llama-3_3-Nemotron-Super-49B-v1,Llama-3.3-Nemotron-Super-49B-v1,free,,,,,,
51,71,Gemma-3n-e4b-it,,1307,+5/-5,18513,Google,Gemma,not specified,http://aistudio.google.com/app/prompts/new_chat?model=gemma-3n-e4b-it,Gemma-3n-e4b-it,free,,,,,,
52,75,GPT-4o-2024-05-13,openai/gpt-4o-2024-05-13,1302,+3/-3,117747,OpenAI,Proprietary,2023/10,https://openai.com/index/hello-gpt-4o/,openai/gpt-4o-2024-05-13,openrouter,openai/gpt-4o-2024-05-13,"GPT-4o (""o"" for ""omni"") is OpenAI's latest AI model, supporting both text and image inputs with text outputs. It maintains the intelligence level of [GPT-4 Turbo](/models/openai/gpt-4-turbo) while being twice as fast and 50% more cost-effective. GPT-4o also offers improved performance in processing non-English languages and enhanced visual capabilities.

For benchmarking against other models, it was briefly called [""im-also-a-good-gpt2-chatbot""](https://twitter.com/LiamFedus/status/1790064963966370209)

#multimodal",5e-06,1.5e-05,0.007225,0.007245
53,75,Qwen2.5-plus-1127,qwen/qwen-plus,1301,+6/-6,10715,Alibaba,Proprietary,not specified,https://help.aliyun.com/zh/model-studio/getting-started/models?spm=a2c4g.11186623.0.i7,qwen/qwen-plus,openrouter,qwen/qwen-plus,"Qwen-Plus, based on the Qwen2.5 foundation model, is a 131K context model with a balanced performance, speed, and cost combination.",4e-07,1.2e-06,0.0,1.6e-06
54,75,Claude 3.7 Sonnet,anthropic/claude-3.7-sonnet,1300,+3/-3,43497,Anthropic,Proprietary,not specified,https://www.anthropic.com/news/claude-3-7-sonnet,anthropic/claude-3.7-sonnet,openrouter,anthropic/claude-3.7-sonnet,"Claude 3.7 Sonnet is an advanced large language model with improved reasoning, coding, and problem-solving capabilities. It introduces a hybrid reasoning approach, allowing users to choose between rapid responses and extended, step-by-step processing for complex tasks. The model demonstrates notable improvements in coding, particularly in front-end development and full-stack updates, and excels in agentic workflows, where it can autonomously navigate multi-step processes. 

Claude 3.7 Sonnet maintains performance parity with its predecessor in standard mode while offering an extended reasoning mode for enhanced accuracy in math, coding, and instruction-following tasks.

Read more at the [blog post here](https://www.anthropic.com/news/claude-3-7-sonnet)",3e-06,1.5e-05,0.0048,0.004817999999999999
55,77,Claude 3.5 Sonnet (20241022),anthropic/claude-3.5-sonnet,1299,+2/-2,90514,Anthropic,Proprietary,2024/4,https://www.anthropic.com/news/3-5-models-and-computer-use,anthropic/claude-3.5-sonnet,openrouter,anthropic/claude-3.5-sonnet,"New Claude 3.5 Sonnet delivers better-than-Opus capabilities, faster-than-Sonnet speeds, at the same Sonnet prices. Sonnet is particularly good at:

- Coding: Scores ~49% on SWE-Bench Verified, higher than the last best score, and without any fancy prompt scaffolding
- Data science: Augments human data science expertise; navigates unstructured data while using multiple tools for insights
- Visual processing: excelling at interpreting charts, graphs, and images, accurately transcribing text to derive insights beyond just the text alone
- Agentic tasks: exceptional tool use, making it great at agentic tasks (i.e. complex, multi-step problem solving tasks that require engaging with other systems)

#multimodal",3e-06,1.5e-05,0.0048,0.004817999999999999
56,75,Deepseek-v2.5-1210,,1296,+7/-7,7243,DeepSeek,DeepSeek,not specified,https://huggingface.co/deepseek-ai/DeepSeek-V2.5-1210,Deepseek-v2.5-1210,free,,,,,,
57,82,Athene-v2-Chat-72B,,1294,+4/-4,26074,NexusFlow,NexusFlow,not specified,https://huggingface.co/Nexusflow/Athene-V2-Chat,Athene-v2-Chat-72B,free,,,,,,
58,77,Gemma-3-4B-it,,1293,+9/-9,4321,Google,Gemma,not specified,http://aistudio.google.com/app/prompts/new_chat?model=gemma-3-4b-it,Gemma-3-4B-it,free,,,,,,
59,83,GLM-4-Plus,z-ai/glm-4-32b,1292,+4/-4,27788,Zhipu AI,Proprietary,not specified,https://bigmodel.cn/dev/howuse/glm-4,z-ai/glm-4-32b,openrouter,z-ai/glm-4-32b,"GLM 4 32B is a cost-effective foundation language model.

It can efficiently perform complex tasks and has significantly enhanced capabilities in tool use, online search, and code-related intelligent tasks.

It is made by the same lab behind the thudm models.",1e-07,1e-07,0.0,2e-07
60,85,GPT-4o-mini-2024-07-18,openai/gpt-4o-mini-2024-07-18,1289,+3/-3,72423,OpenAI,Proprietary,2023/10,https://openai.com/index/gpt-4o-mini-advancing-cost-efficient-intelligence/,openai/gpt-4o-mini-2024-07-18,openrouter,openai/gpt-4o-mini-2024-07-18,"GPT-4o mini is OpenAI's newest model after [GPT-4 Omni](/models/openai/gpt-4o), supporting both text and image inputs with text outputs.

As their most advanced small model, it is many multiples more affordable than other recent frontier models, and more than 60% cheaper than [GPT-3.5 Turbo](/models/openai/gpt-3.5-turbo). It maintains SOTA intelligence, while being significantly more cost-effective.

GPT-4o mini achieves an 82% score on MMLU and presently ranks higher than GPT-4 on chat preferences [common leaderboards](https://arena.lmsys.org/).

Check out the [launch announcement](https://openai.com/index/gpt-4o-mini-advancing-cost-efficient-intelligence/) to learn more.

#multimodal",1.5e-07,6e-07,0.007225,0.0072257499999999995
61,85,Llama-4-Maverick-17B-128E-Instruct,,1288,+4/-4,30434,Meta,Llama 4,not specified,https://huggingface.co/meta-llama/Llama-4-Maverick-17B-128E-Instruct,Llama-4-Maverick-17B-128E-Instruct,free,,,,,,
62,85,GPT-4.1-nano-2025-04-14,openai/gpt-4.1-nano,1287,+7/-7,6302,OpenAI,Proprietary,not specified,https://openai.com/index/gpt-4-1/,openai/gpt-4.1-nano,openrouter,openai/gpt-4.1-nano,"For tasks that demand low latency, GPT‑4.1 nano is the fastest and cheapest model in the GPT-4.1 series. It delivers exceptional performance at a small size with its 1 million token context window, and scores 80.1% on MMLU, 50.3% on GPQA, and 9.8% on Aider polyglot coding – even higher than GPT‑4o mini. It’s ideal for tasks like classification or autocompletion.",1e-07,4e-07,0.0,5e-07
63,85,Meta-Llama-3.1-405B-Instruct-bf16,,1286,+3/-3,43788,Meta,Llama 3.1 Community,2023/12,https://ai.meta.com/blog/meta-llama-3-1/,Meta-Llama-3.1-405B-Instruct-bf16,free,,,,,,
64,86,GPT-4o-2024-08-06,openai/gpt-4o-2024-08-06,1285,+3/-3,47973,OpenAI,Proprietary,2023/10,https://platform.openai.com/docs/models/gpt-4o,openai/gpt-4o-2024-08-06,openrouter,openai/gpt-4o-2024-08-06,"The 2024-08-06 version of GPT-4o offers improved performance in structured outputs, with the ability to supply a JSON schema in the respone_format. Read more [here](https://openai.com/index/introducing-structured-outputs-in-the-api/).

GPT-4o (""o"" for ""omni"") is OpenAI's latest AI model, supporting both text and image inputs with text outputs. It maintains the intelligence level of [GPT-4 Turbo](/models/openai/gpt-4-turbo) while being twice as fast and 50% more cost-effective. GPT-4o also offers improved performance in processing non-English languages and enhanced visual capabilities.

For benchmarking against other models, it was briefly called [""im-also-a-good-gpt2-chatbot""](https://twitter.com/LiamFedus/status/1790064963966370209)",2.5e-06,1e-05,0.003613,0.0036255
65,85,Llama-3.1-Nemotron-70B-Instruct,,1285,+7/-7,7577,Nvidia,Llama 3.1,2023/12,https://huggingface.co/nvidia/Llama-3.1-Nemotron-70B-Instruct,Llama-3.1-Nemotron-70B-Instruct,free,,,,,,
66,85,Qwen-Max-0919,,1284,+5/-5,17432,Alibaba,Qwen,not specified,https://help.aliyun.com/zh/dashscope/developer-reference/model-introduction,Qwen-Max-0919,free,,,,,,
67,87,Meta-Llama-3.1-405B-Instruct-fp8,,1284,+3/-3,63038,Meta,Llama 3.1 Community,2023/12,https://ai.meta.com/blog/meta-llama-3-1/,Meta-Llama-3.1-405B-Instruct-fp8,free,,,,,,
68,88,Claude 3.5 Sonnet (20240620),anthropic/claude-3.5-sonnet-20240620,1283,+3/-3,86159,Anthropic,Proprietary,2024/4,https://www.anthropic.com/news/claude-3-5-sonnet,anthropic/claude-3.5-sonnet-20240620,openrouter,anthropic/claude-3.5-sonnet-20240620,"Claude 3.5 Sonnet delivers better-than-Opus capabilities, faster-than-Sonnet speeds, at the same Sonnet prices. Sonnet is particularly good at:

- Coding: Autonomously writes, edits, and runs code with reasoning and troubleshooting
- Data science: Augments human data science expertise; navigates unstructured data while using multiple tools for insights
- Visual processing: excelling at interpreting charts, graphs, and images, accurately transcribing text to derive insights beyond just the text alone
- Agentic tasks: exceptional tool use, making it great at agentic tasks (i.e. complex, multi-step problem solving tasks that require engaging with other systems)

For the latest version (2024-10-23), check out [Claude 3.5 Sonnet](/anthropic/claude-3.5-sonnet).

#multimodal",3e-06,1.5e-05,0.0048,0.004817999999999999
69,88,Llama-4-Scout-17B-16E-Instruct,,1281,+5/-5,20085,Meta,Llama,not specified,https://huggingface.co/meta-llama/Llama-4-Scout-17B-16E-Instruct,Llama-4-Scout-17B-16E-Instruct,free,,,,,,
70,93,Llama-3.3-70B-Instruct,,1278,+3/-3,54380,Meta,Llama-3.3,not specified,https://huggingface.co/meta-llama/Llama-3.3-70B-Instruct,Llama-3.3-70B-Instruct,free,,,,,,
71,93,Mistral-Small-3.1-24B-Instruct-2503,,1277,+5/-5,19762,Mistral,Apache 2.0,not specified,https://huggingface.co/mistralai/Mistral-Small-3.1-24B-Instruct-2503,Mistral-Small-3.1-24B-Instruct-2503,free,,,,,,
72,100,openai/gpt-4-turbo,openai/gpt-4o-2024-08-06,1275,+3/-3,102133,OpenAI,Proprietary,2023/12,https://platform.openai.com/docs/models/gpt-4-turbo-and-gpt-4,openai/gpt-4o-2024-08-06,openrouter,openai/gpt-4o-2024-08-06,"The 2024-08-06 version of GPT-4o offers improved performance in structured outputs, with the ability to supply a JSON schema in the respone_format. Read more [here](https://openai.com/index/introducing-structured-outputs-in-the-api/).

GPT-4o (""o"" for ""omni"") is OpenAI's latest AI model, supporting both text and image inputs with text outputs. It maintains the intelligence level of [GPT-4 Turbo](/models/openai/gpt-4-turbo) while being twice as fast and 50% more cost-effective. GPT-4o also offers improved performance in processing non-English languages and enhanced visual capabilities.

For benchmarking against other models, it was briefly called [""im-also-a-good-gpt2-chatbot""](https://twitter.com/LiamFedus/status/1790064963966370209)",2.5e-06,1e-05,0.003613,0.0036255
73,100,Deepseek-v2.5,,1274,+4/-4,26344,DeepSeek,DeepSeek,not specified,https://huggingface.co/deepseek-ai/DeepSeek-V2.5,Deepseek-v2.5,free,,,,,,
74,101,Qwen2.5-72B-Instruct,,1272,+3/-3,41519,Alibaba,Qwen,2024/9,https://qwenlm.github.io/blog/qwen2.5/,Qwen2.5-72B-Instruct,free,,,,,,
75,104,Mistral-Large-2407,,1269,+3/-3,48217,Mistral,Mistral Research,2024/7,https://mistral.ai/news/mistral-large-2407/,Mistral-Large-2407,free,,,,,,
76,105,Mistral-Large-2411,,1269,+4/-4,29633,Mistral,MRL,not specified,https://huggingface.co/mistralai/Mistral-Large-Instruct-2411,Mistral-Large-2411,free,,,,,,
77,104,Athene-70B,,1268,+5/-5,20580,NexusFlow,CC-BY-NC-4.0,2024/7,https://huggingface.co/Nexusflow/Athene-70B,Athene-70B,free,,,,,,
78,108,GPT-4-1106-preview,openai/gpt-4-1106-preview,1267,+3/-3,103748,OpenAI,Proprietary,2023/4,https://openai.com/blog/new-models-and-developer-products-announced-at-devday,openai/gpt-4-1106-preview,openrouter,openai/gpt-4-1106-preview,"The latest GPT-4 Turbo model with vision capabilities. Vision requests can now use JSON mode and function calling.

Training data: up to April 2023.",1e-05,3e-05,0.0,4e-05
79,109,Claude 3 Opus,anthropic/claude-3-opus,1265,+2/-2,202641,Anthropic,Proprietary,2023/8,https://www.anthropic.com/news/claude-3-family,anthropic/claude-3-opus,openrouter,anthropic/claude-3-opus,"Claude 3 Opus is Anthropic's most powerful model for highly complex tasks. It boasts top-level performance, intelligence, fluency, and understanding.

See the launch announcement and benchmark results [here](https://www.anthropic.com/news/claude-3-family)

#multimodal",1.5e-05,7.5e-05,0.024,0.02409
80,109,Meta-Llama-3.1-70B-Instruct,,1265,+3/-3,58637,Meta,Llama 3.1 Community,2023/12,https://ai.meta.com/blog/meta-llama-3-1/,Meta-Llama-3.1-70B-Instruct,free,,,,,,
81,111,Amazon Nova Pro 1.0,amazon/nova-pro-v1,1261,+4/-4,26371,Amazon,Proprietary,not specified,https://docs.aws.amazon.com/nova/latest/userguide/what-is-nova.html,amazon/nova-pro-v1,openrouter,amazon/nova-pro-v1,"Amazon Nova Pro 1.0 is a capable multimodal model from Amazon focused on providing a combination of accuracy, speed, and cost for a wide range of tasks. As of December 2024, it achieves state-of-the-art performance on key benchmarks including visual question answering (TextVQA) and video understanding (VATEX).

Amazon Nova Pro demonstrates strong capabilities in processing both visual and textual information and at analyzing financial documents.

**NOTE**: Video input is not supported at this time.",8e-07,3.2e-06,0.0012,0.001204
82,108,Llama-3.1-Tulu-3-70B,,1260,+10/-10,3010,Ai2,Llama 3.1,not specified,https://huggingface.co/allenai/Llama-3.1-Tulu-3-70B,Llama-3.1-Tulu-3-70B,free,,,,,,
83,118,Claude 3.5 Haiku (20241022),,1256,+3/-3,61687,Anthropic,Propretary,not specified,https://www.anthropic.com/news/3-5-models-and-computer-use,Claude 3.5 Haiku (20241022),free,,,,,,
84,117,magistral-medium-2506,mistralai/magistral-medium-2506,1254,+6/-6,10070,Mistral,Proprietary,not specified,https://mistral.ai/news/magistral,mistralai/magistral-medium-2506,openrouter,mistralai/magistral-medium-2506,Magistral is Mistral's first reasoning model. It is ideal for general purpose use requiring longer thought processing and better accuracy than with non-reasoning LLMs. From legal research and financial forecasting to software development and creative storytelling — this model solves multi-step challenges where transparency and precision are critical.,2e-06,5e-06,0.0,7.000000000000001e-06
85,121,Jamba-1.5-Large,,1242,+6/-6,9125,AI21 Labs,Jamba Open,2024/3,https://www.ai21.com/jamba,Jamba-1.5-Large,free,,,,,,
86,123,Mistral-Small-24B-Instruct-2501,,1238,+5/-5,15321,Mistral,Apache 2.0,not specified,https://huggingface.co/mistralai/Mistral-Small-24B-Instruct-2501,Mistral-Small-24B-Instruct-2501,free,,,,,,
87,124,Gemma-2-27B-it,,1236,+2/-2,79538,Google,Gemma license,2024/6,https://aistudio.google.com/app/prompts/new_chat?model=gemma-2-27b-it,Gemma-2-27B-it,free,,,,,,
88,123,Qwen2.5-Coder-32B-Instruct,,1235,+7/-7,5730,Alibaba,Apache 2.0,not specified,https://huggingface.co/Qwen/Qwen2.5-Coder-32B-Instruct,Qwen2.5-Coder-32B-Instruct,free,,,,,,
89,123,Command R+ (08-2024),,1233,+6/-6,10535,Cohere,CC-BY-NC-4.0,2024/8,https://docs.cohere.com/docs/command-r-plus#model-details,Command R+ (08-2024),free,,,,,,
90,124,Amazon Nova Lite 1.0,amazon/nova-lite-v1,1233,+4/-4,20646,Amazon,Proprietary,not specified,https://docs.aws.amazon.com/nova/latest/userguide/what-is-nova.html,amazon/nova-lite-v1,openrouter,amazon/nova-lite-v1,"Amazon Nova Lite 1.0 is a very low-cost multimodal model from Amazon that focused on fast processing of image, video, and text inputs to generate text output. Amazon Nova Lite can handle real-time customer interactions, document analysis, and visual question-answering tasks with high accuracy.

With an input context of 300K tokens, it can analyze multiple images or up to 30 minutes of video in a single input.",6e-08,2.4e-07,9e-05,9.03e-05
91,123,Gemma-2-9B-it-SimPO,,1233,+6/-6,10548,Princeton,MIT,2024/7,https://huggingface.co/princeton-nlp/gemma-2-9b-it-SimPO,Gemma-2-9B-it-SimPO,free,,,,,,
92,123,Llama-3.1-Nemotron-51B-Instruct,,1231,+9/-9,3889,Nvidia,Llama 3.1,2023/12,https://huggingface.co/nvidia/Llama-3_1-Nemotron-51B-Instruct,Llama-3.1-Nemotron-51B-Instruct,free,,,,,,
93,125,Nemotron-4-340B-Instruct,,1229,+5/-5,20608,Nvidia,NVIDIA Open Model,2023/6,https://huggingface.co/nvidia/Nemotron-4-340B-Instruct,Nemotron-4-340B-Instruct,free,,,,,,
94,125,Aya-Expanse-32B,,1229,+4/-4,28768,Cohere,CC-BY-NC-4.0,not specified,https://huggingface.co/CohereForAI/aya-expanse-32b,Aya-Expanse-32B,free,,,,,,
95,128,Llama-3-70B-Instruct,,1224,+3/-3,163629,Meta,Llama 3 Community,2023/12,https://llama.meta.com/llama3/,Llama-3-70B-Instruct,free,,,,,,
96,125,OLMo-2-0325-32B-Instruct,,1223,+10/-10,3460,Allen AI,Apache-2.0,not specified,https://huggingface.co/allenai/OLMo-2-0325-32B-Instruct,OLMo-2-0325-32B-Instruct,free,,,,,,
97,131,Phi-4,,1222,+4/-4,25213,Microsoft,MIT,not specified,https://huggingface.co/microsoft/phi-4,Phi-4,free,,,,,,
98,137,Amazon Nova Micro 1.0,amazon/nova-micro-v1,1215,+4/-4,20654,Amazon,Proprietary,not specified,https://docs.aws.amazon.com/nova/latest/userguide/what-is-nova.html,amazon/nova-micro-v1,openrouter,amazon/nova-micro-v1,"Amazon Nova Micro 1.0 is a text-only model that delivers the lowest latency responses in the Amazon Nova family of models at a very low cost. With a context length of 128K tokens and optimized for speed and cost, Amazon Nova Micro excels at tasks such as text summarization, translation, content classification, interactive chat, and brainstorming. It has  simple mathematical reasoning and coding abilities.",3.5e-08,1.4e-07,0.0,1.7500000000000002e-07
99,140,Gemma-2-9B-it,,1213,+3/-3,57197,Google,Gemma license,2024/6,https://aistudio.google.com/app/prompts/new_chat?model=gemma-2-9b-it,Gemma-2-9B-it,free,,,,,,
100,140,GPT-4-0314,openai/gpt-4-0314,1210,+4/-4,55962,OpenAI,Proprietary,2021/9,https://openai.com/research/gpt-4,openai/gpt-4-0314,openrouter,openai/gpt-4-0314,"GPT-4-0314 is the first version of GPT-4 released, with a context length of 8,192 tokens, and was supported until June 14. Training data: up to Sep 2021.",3e-05,6e-05,0.0,9e-05
101,140,Command R+ (04-2024),,1209,+4/-4,80846,Cohere,CC-BY-NC-4.0,2024/3,https://txt.cohere.com/command-r-plus-microsoft-azure/,Command R+ (04-2024),free,,,,,,
102,140,Qwen2-72B-Instruct,,1208,+4/-4,38872,Alibaba,Qianwen LICENSE,2024/6,https://qwenlm.github.io/blog/qwen2/,Qwen2-72B-Instruct,free,,,,,,
103,145,Claude 3 Haiku,anthropic/claude-3-haiku,1200,+3/-3,122309,Anthropic,Proprietary,2023/8,https://www.anthropic.com/news/claude-3-family,anthropic/claude-3-haiku,openrouter,anthropic/claude-3-haiku,"Claude 3 Haiku is Anthropic's fastest and most compact model for
near-instant responsiveness. Quick and accurate targeted performance.

See the launch announcement and benchmark results [here](https://www.anthropic.com/news/claude-3-haiku)

#multimodal",2.5e-07,1.25e-06,0.0004,0.0004015
104,142,Llama-3.1-Tulu-3-8B,,1200,+10/-10,3074,Ai2,Llama 3.1,not specified,https://huggingface.co/allenai/Llama-3.1-Tulu-3-8B,Llama-3.1-Tulu-3-8B,free,,,,,,
105,143,Ministral-8B-2410,,1198,+8/-8,5111,Mistral,MRL,not specified,https://huggingface.co/mistralai/Ministral-8B-Instruct-2410,Ministral-8B-2410,free,,,,,,
106,146,DeepSeek-Coder-V2-Instruct,,1196,+6/-6,15753,DeepSeek AI,DeepSeek License,2024/6,https://huggingface.co/deepseek-ai/DeepSeek-Coder-V2-Instruct,DeepSeek-Coder-V2-Instruct,free,,,,,,
107,146,Command R (08-2024),,1195,+6/-6,10851,Cohere,CC-BY-NC-4.0,2024/8,https://docs.cohere.com/docs/command-r-plus#model-details,Command R (08-2024),free,,,,,,
108,146,Aya-Expanse-8B,,1193,+6/-6,10391,Cohere,CC-BY-NC-4.0,not specified,https://huggingface.co/CohereForAI/aya-expanse-8b,Aya-Expanse-8B,free,,,,,,
109,148,Meta-Llama-3.1-8B-Instruct,,1193,+3/-3,52578,Meta,Llama 3.1 Community,2023/12,https://ai.meta.com/blog/meta-llama-3-1/,Meta-Llama-3.1-8B-Instruct,free,,,,,,
110,146,Jamba-1.5-Mini,,1193,+6/-6,9274,AI21 Labs,Jamba Open,2024/3,https://www.ai21.com/jamba,Jamba-1.5-Mini,free,,,,,,
111,156,Qwen1.5-110B-Chat,,1180,+5/-5,27430,Alibaba,Qianwen LICENSE,2024/4,https://qwenlm.github.io/blog/qwen1.5-110b/,Qwen1.5-110B-Chat,free,,,,,,
112,156,Yi-1.5-34B-Chat,,1178,+4/-4,25135,01 AI,Apache-2.0,2024/5,https://huggingface.co/01-ai/Yi-1.5-34B-Chat,Yi-1.5-34B-Chat,free,,,,,,
113,156,Qwen1.5-72B-Chat,,1172,+4/-4,40658,Alibaba,Qianwen LICENSE,2024/2,https://qwenlm.github.io/blog/qwen1.5/,Qwen1.5-72B-Chat,free,,,,,,
114,158,Llama-3-8B-Instruct,,1171,+3/-3,109056,Meta,Llama 3 Community,2023/3,https://llama.meta.com/llama3/,Llama-3-8B-Instruct,free,,,,,,
115,156,QwQ-32B-Preview,,1170,+10/-10,3410,Alibaba,Apache 2.0,not specified,https://huggingface.co/Qwen/QwQ-32B-Preview,QwQ-32B-Preview,free,,,,,,
116,158,Command R (04-2024),,1169,+4/-4,56398,Cohere,CC-BY-NC-4.0,2024/3,https://txt.cohere.com/command-r,Command R (04-2024),free,,,,,,
117,158,InternLM2.5-20B-chat,,1168,+6/-6,10599,InternLM,Other,2024/8,https://huggingface.co/internlm/internlm2_5-20b-chat,InternLM2.5-20B-chat,free,,,,,,
118,159,Mixtral-8x22b-Instruct-v0.1,,1168,+4/-4,53751,Mistral,Apache 2.0,2024/4,https://mistral.ai/news/mixtral-8x22b/,Mixtral-8x22b-Instruct-v0.1,free,,,,,,
119,161,Gemma-2-2b-it,,1163,+3/-3,48892,Google,Gemma license,2024/7,https://aistudio.google.com/app/prompts/new_chat?model=gemma-2-2b-it,Gemma-2-2b-it,free,,,,,,
120,160,Granite-3.1-8B-Instruct,,1158,+10/-10,3289,IBM,Apache 2.0,not specified,https://huggingface.co/ibm-granite/granite-3.1-8b-instruct,Granite-3.1-8B-Instruct,free,,,,,,
121,167,Zephyr-ORPO-141b-A35b-v0.1,,1150,+10/-10,4854,HuggingFace,Apache 2.0,2024/4,https://huggingface.co/HuggingFaceH4/zephyr-orpo-141b-A35b-v0.1,Zephyr-ORPO-141b-A35b-v0.1,free,,,,,,
122,169,Qwen1.5-32B-Chat,,1144,+5/-5,22765,Alibaba,Qianwen LICENSE,2024/2,https://qwenlm.github.io/blog/qwen1.5-32b/,Qwen1.5-32B-Chat,free,,,,,,
123,169,Phi-3-Medium-4k-Instruct,,1144,+4/-4,26105,Microsoft,MIT,2023/10,https://huggingface.co/microsoft/Phi-3-medium-4k-instruct,Phi-3-Medium-4k-Instruct,free,,,,,,
124,171,Starling-LM-7B-beta,,1139,+7/-7,16676,Nexusflow,Apache-2.0,2024/3,https://huggingface.co/Nexusflow/Starling-LM-7B-beta,Starling-LM-7B-beta,free,,,,,,
125,171,Mixtral-8x7B-Instruct-v0.1,,1138,+3/-3,76126,Mistral,Apache 2.0,2023/12,https://mistral.ai/news/mixtral-of-experts/,Mixtral-8x7B-Instruct-v0.1,free,,,,,,
126,171,Granite-3.1-2B-Instruct,,1136,+10/-10,3380,IBM,Apache 2.0,not specified,https://huggingface.co/ibm-granite/granite-3.1-2b-instruct,Granite-3.1-2B-Instruct,free,,,,,,
127,171,Qwen1.5-14B-Chat,,1135,+6/-6,18687,Alibaba,Qianwen LICENSE,2024/2,https://qwenlm.github.io/blog/qwen1.5/,Qwen1.5-14B-Chat,free,,,,,,
128,171,Yi-34B-Chat,,1134,+6/-6,15917,01 AI,Yi License,2023/6,https://huggingface.co/01-ai/Yi-34B-Chat,Yi-34B-Chat,free,,,,,,
129,171,Yi-34B-Chat,,1134,+6/-6,15917,01 AI,Yi License,2023/6,https://huggingface.co/01-ai/Yi-34B-Chat,Yi-34B-Chat,free,,,,,,
130,174,Tulu-2-DPO-70B,,1127,+9/-9,6658,AllenAI/UW,AI2 ImpACT Low-risk,2023/11,https://huggingface.co/allenai/tulu-2-dpo-70b,Tulu-2-DPO-70B,free,,,,,,
131,176,DBRX-Instruct-Preview,,1126,+5/-5,33743,Databricks,DBRX LICENSE,2023/12,https://www.databricks.com/blog/introducing-dbrx-new-state-art-open-llm,DBRX-Instruct-Preview,free,,,,,,
132,174,WizardLM-70B-v1.0,,1126,+9/-9,8383,Microsoft,Llama 2 Community,2023/8,https://huggingface.co/WizardLM/WizardLM-70B-V1.0,WizardLM-70B-v1.0,free,,,,,,
133,179,Llama-2-70B-chat,,1122,+5/-5,39595,Meta,Llama 2 Community,2023/7,https://huggingface.co/meta-llama/Llama-2-70b-chat-hf,Llama-2-70B-chat,free,,,,,,
134,176,Nous-Hermes-2-Mixtral-8x7B-DPO,,1119,+11/-11,3836,NousResearch,Apache-2.0,2024/1,https://huggingface.co/NousResearch/Nous-Hermes-2-Mixtral-8x7B-DPO,Nous-Hermes-2-Mixtral-8x7B-DPO,free,,,,,,
135,181,Meta-Llama-3.2-3B-Instruct,,1118,+7/-7,8390,Meta,Llama 3.2,2023/12,https://ai.meta.com/blog/llama-3-2-connect-2024-vision-edge-mobile-devices/,Meta-Llama-3.2-3B-Instruct,free,,,,,,
136,181,Phi-3-Small-8k-Instruct,,1117,+5/-5,18476,Microsoft,MIT,2023/10,https://huggingface.co/microsoft/Phi-3-small-8k-instruct,Phi-3-Small-8k-Instruct,free,,,,,,
137,181,Starling-LM-7B-alpha,,1114,+7/-7,10415,UC Berkeley,CC-BY-NC-4.0,2023/11,https://huggingface.co/berkeley-nest/Starling-LM-7B-alpha,Starling-LM-7B-alpha,free,,,,,,
138,181,OpenChat-3.5-0106,,1114,+7/-7,12990,OpenChat,Apache-2.0,2024/1,https://huggingface.co/openchat/openchat-3.5-0106,OpenChat-3.5-0106,free,,,,,,
139,182,Vicuna-33B,,1113,+5/-5,22936,LMSYS,Non-commercial,2023/8,https://huggingface.co/lmsys/vicuna-33b-v1.3,Vicuna-33B,free,,,,,,
140,181,DeepSeek-LLM-67B-Chat,,1111,+11/-11,4988,DeepSeek AI,DeepSeek License,2023/11,https://huggingface.co/deepseek-ai/deepseek-llm-67b-chat,DeepSeek-LLM-67B-Chat,free,,,,,,
141,185,Snowflake Arctic Instruct,,1109,+5/-5,34173,Snowflake,Apache 2.0,2024/4,https://www.snowflake.com/blog/arctic-open-efficient-foundation-language-models-snowflake/,Snowflake Arctic Instruct,free,,,,,,
142,185,Granite-3.0-8B-Instruct,,1108,+8/-8,7002,IBM,Apache 2.0,not specified,https://huggingface.co/ibm-granite/granite-3.0-8b-instruct,Granite-3.0-8B-Instruct,free,,,,,,
143,182,NV-Llama2-70B-SteerLM-Chat,,1106,+12/-12,3636,Nvidia,Llama 2 Community,2023/11,https://huggingface.co/nvidia/Llama2-70B-SteerLM-Chat,NV-Llama2-70B-SteerLM-Chat,free,,,,,,
144,185,OpenChat-3.5,,1103,+9/-9,8106,OpenChat,Apache-2.0,2023/11,https://huggingface.co/openchat/openchat_3.5,OpenChat-3.5,free,,,,,,
145,187,Gemma-1.1-7B-it,,1102,+5/-5,25070,Google,Gemma license,2024/2,https://huggingface.co/google/gemma-1.1-7b-it,Gemma-1.1-7B-it,free,,,,,,
146,187,OpenHermes-2.5-Mistral-7B,,1100,+10/-10,5088,NousResearch,Apache-2.0,2023/11,https://huggingface.co/teknium/OpenHermes-2.5-Mistral-7B,OpenHermes-2.5-Mistral-7B,free,,,,,,
147,191,Mistral-7B-Instruct-v0.2,,1097,+6/-6,20067,Mistral,Apache-2.0,2023/12,https://huggingface.co/mistralai/Mistral-7B-Instruct-v0.2,Mistral-7B-Instruct-v0.2,free,,,,,,
148,194,Llama-2-13b-chat,,1093,+6/-6,19722,Meta,Llama 2 Community,2023/7,https://huggingface.co/meta-llama/Llama-2-13b-chat-hf,Llama-2-13b-chat,free,,,,,,
149,191,SOLAR-10.7B-Instruct-v1.0,,1091,+12/-12,4286,Upstage AI,CC-BY-NC-4.0,2023/11,https://huggingface.co/upstage/SOLAR-10.7B-Instruct-v1.0,SOLAR-10.7B-Instruct-v1.0,free,,,,,,
150,194,Granite-3.0-2B-Instruct,,1091,+7/-7,7191,IBM,Apache 2.0,not specified,https://huggingface.co/ibm-granite/granite-3.0-2b-instruct,Granite-3.0-2B-Instruct,free,,,,,,
151,192,Qwen1.5-7B-Chat,,1090,+9/-9,4872,Alibaba,Qianwen LICENSE,2024/2,https://qwenlm.github.io/blog/qwen1.5/,Qwen1.5-7B-Chat,free,,,,,,
152,191,Dolphin-2.2.1-Mistral-7B,,1088,+15/-15,1714,Cognitive Computations,Apache-2.0,2023/10,https://huggingface.co/ehartford/dolphin-2.2.1-mistral-7b,Dolphin-2.2.1-Mistral-7B,free,,,,,,
153,195,Phi-3-Mini-4K-Instruct-June-24,,1088,+6/-6,12808,Microsoft,MIT,2023/10,https://huggingface.co/microsoft/Phi-3-mini-4k-instruct,Phi-3-Mini-4K-Instruct-June-24,free,,,,,,
154,196,WizardLM-13b-v1.2,,1084,+9/-9,7176,Microsoft,Llama 2 Community,2023/7,https://huggingface.co/WizardLM/WizardLM-13B-V1.2,WizardLM-13b-v1.2,free,,,,,,
155,200,Phi-3-Mini-4k-Instruct,,1082,+6/-6,21097,Microsoft,MIT,2023/10,https://huggingface.co/microsoft/Phi-3-mini-4k-instruct,Phi-3-Mini-4k-Instruct,free,,,,,,
156,201,Zephyr-7B-beta,,1076,+8/-8,11321,HuggingFace,MIT,2023/10,https://huggingface.co/HuggingFaceH4/zephyr-7b-beta,Zephyr-7B-beta,free,,,,,,
157,200,MPT-30B-chat,,1076,+12/-12,2644,MosaicML,CC-BY-NC-SA-4.0,2023/6,https://huggingface.co/mosaicml/mpt-30b-chat,MPT-30B-chat,free,,,,,,
158,203,CodeLlama-34B-instruct,,1073,+8/-8,7509,Meta,Llama 2 Community,2023/7,https://huggingface.co/codellama/CodeLlama-34b-Instruct-hf,CodeLlama-34B-instruct,free,,,,,,
159,207,Meta-Llama-3.2-1B-Instruct,,1067,+7/-7,8523,Meta,Llama 3.2,2023/12,https://ai.meta.com/blog/llama-3-2-connect-2024-vision-edge-mobile-devices/,Meta-Llama-3.2-1B-Instruct,free,,,,,,
160,202,Zephyr-7B-alpha,,1066,+15/-15,1811,HuggingFace,MIT,2023/10,https://huggingface.co/HuggingFaceH4/zephyr-7b-alpha,Zephyr-7B-alpha,free,,,,,,
161,208,Vicuna-13B,,1066,+6/-6,19775,LMSYS,Llama 2 Community,2023/7,https://huggingface.co/lmsys/vicuna-13b-v1.5,Vicuna-13B,free,,,,,,
162,201,CodeLlama-70B-instruct,,1066,+17/-17,1192,Meta,Llama 2 Community,2024/1,https://huggingface.co/codellama/CodeLlama-70b-hf,CodeLlama-70B-instruct,free,,,,,,
163,208,Gemma-7B-it,,1063,+9/-9,9176,Google,Gemma license,2024/2,https://huggingface.co/google/gemma-7b-it,Gemma-7B-it,free,,,,,,
164,206,SmolLM2-1.7B-Instruct,,1062,+13/-13,2375,HuggingFace,Apache 2.0,not specified,https://huggingface.co/HuggingFaceTB/SmolLM2-1.7B-Instruct,SmolLM2-1.7B-Instruct,free,,,,,,
165,204,falcon-180b-chat,,1061,+17/-17,1327,TII,Falcon-180B TII License,2023/9,https://huggingface.co/tiiuae/falcon-180B-chat,falcon-180b-chat,free,,,,,,
166,208,Phi-3-Mini-128k-Instruct,,1061,+6/-6,21622,Microsoft,MIT,2023/10,https://azure.microsoft.com/en-us/blog/introducing-phi-3-redefining-whats-possible-with-slms/,Phi-3-Mini-128k-Instruct,free,,,,,,
167,208,Llama-2-7B-chat,,1061,+6/-6,14532,Meta,Llama 2 Community,2023/7,https://huggingface.co/meta-llama/Llama-2-7b-chat-hf,Llama-2-7B-chat,free,,,,,,
168,208,Guanaco-33B,,1061,+12/-12,2996,UW,Non-commercial,2023/5,https://huggingface.co/timdettmers/guanaco-33b-merged,Guanaco-33B,free,,,,,,
169,208,Qwen-14B-Chat,,1058,+10/-10,5065,Alibaba,Qianwen LICENSE,2023/8,https://huggingface.co/Qwen/Qwen-14B-Chat,Qwen-14B-Chat,free,,,,,,
170,213,StripedHyena-Nous-7B,,1045,+10/-10,5276,Together AI,Apache 2.0,2023/12,https://huggingface.co/togethercomputer/StripedHyena-Nous-7B,StripedHyena-Nous-7B,free,,,,,,
171,220,Vicuna-7B,,1039,+9/-9,7017,LMSYS,Llama 2 Community,2023/7,https://huggingface.co/lmsys/vicuna-7b-v1.5,Vicuna-7B,free,,,,,,
172,217,OLMo-7B-instruct,,1038,+10/-10,6503,Allen AI,Apache-2.0,2024/2,https://huggingface.co/allenai/OLMo-7B-Instruct,OLMo-7B-instruct,free,,,,,,
173,222,Gemma-1.1-2b-it,,1033,+7/-7,11351,Google,Gemma license,2024/2,https://huggingface.co/google/gemma-1.1-2b-it,Gemma-1.1-2b-it,free,,,,,,
174,222,Mistral-7B-Instruct-v0.1,,1032,+9/-9,9142,Mistral,Apache 2.0,2023/9,https://huggingface.co/mistralai/Mistral-7B-Instruct-v0.1,Mistral-7B-Instruct-v0.1,free,,,,,,
175,227,Gemma-2B-it,,1011,+11/-11,4918,Google,Gemma license,2024/2,https://huggingface.co/google/gemma-2b-it,Gemma-2B-it,free,,,,,,
176,228,Qwen1.5-4B-Chat,,1006,+9/-9,7816,Alibaba,Qianwen LICENSE,2024/2,https://qwenlm.github.io/blog/qwen1.5/,Qwen1.5-4B-Chat,free,,,,,,
177,228,Koala-13B,,997,+9/-9,7020,UC Berkeley,Non-commercial,2023/4,https://bair.berkeley.edu/blog/2023/04/03/koala/,Koala-13B,free,,,,,,
178,230,ChatGLM3-6B,,979,+11/-11,4763,Tsinghua,Apache-2.0,2023/10,https://huggingface.co/THUDM/chatglm3-6b,ChatGLM3-6B,free,,,,,,
179,231,MPT-7B-Chat,,963,+11/-11,3997,MosaicML,CC-BY-NC-SA-4.0,2023/5,https://huggingface.co/mosaicml/mpt-7b-chat,MPT-7B-Chat,free,,,,,,
180,231,GPT4All-13B-Snoozy,,962,+15/-15,1788,Nomic AI,Non-commercial,2023/3,https://huggingface.co/nomic-ai/gpt4all-13b-snoozy,GPT4All-13B-Snoozy,free,,,,,,
181,231,RWKV-4-Raven-14B,,956,+11/-11,4920,RWKV,Apache 2.0,2023/4,https://huggingface.co/BlinkDL/rwkv-4-raven,RWKV-4-Raven-14B,free,,,,,,
182,232,ChatGLM2-6B,,948,+13/-13,2713,Tsinghua,Apache-2.0,2023/6,https://huggingface.co/THUDM/chatglm2-6b,ChatGLM2-6B,free,,,,,,
183,232,Alpaca-13B,,940,+11/-11,5864,Stanford,Non-commercial,2023/3,https://crfm.stanford.edu/2023/03/13/alpaca.html,Alpaca-13B,free,,,,,,
184,235,ChatGLM-6B,,926,+12/-12,4983,Tsinghua,Non-commercial,2023/3,https://huggingface.co/THUDM/chatglm-6b,ChatGLM-6B,free,,,,,,
185,235,OpenAssistant-Pythia-12B,,923,+10/-10,6368,OpenAssistant,Apache 2.0,2023/4,https://huggingface.co/OpenAssistant/oasst-sft-4-pythia-12b-epoch-3.5,OpenAssistant-Pythia-12B,free,,,,,,
186,237,FastChat-T5-3B,,902,+12/-12,4288,LMSYS,Apache 2.0,2023/4,https://huggingface.co/lmsys/fastchat-t5-3b-v1.0,FastChat-T5-3B,free,,,,,,
187,240,StableLM-Tuned-Alpha-7B,,874,+12/-12,3336,Stability AI,CC-BY-NC-SA-4.0,2023/4,https://huggingface.co/stabilityai/stablelm-tuned-alpha-7b,StableLM-Tuned-Alpha-7B,free,,,,,,
188,240,Dolly-V2-12B,,858,+13/-13,3480,Databricks,MIT,2023/4,https://huggingface.co/databricks/dolly-v2-12b,Dolly-V2-12B,free,,,,,,
189,241,LLaMA-13B,,841,+16/-16,2446,Meta,Non-commercial,2023/2,https://arxiv.org/abs/2302.13971,LLaMA-13B,free,,,,,,
